"title","duration"
"InuYasha the Movie 2: The Castle Beyond the Looking Glass","99 min"
"InuYasha the Movie 3: Swords of an Honorable Ruler","99 min"
"Here and There","99 min"
"Good Luck Chuck","99 min"
"My Girl 2","99 min"
"Cousins","99 min"
"Rogue Warfare: Death of a Nation","99 min"
"Copenhagen","99 min"
"Black Holes | The Edge of All We Know","99 min"
"Ninja Assassin","99 min"
"Swordfish","99 min"
"678","99 min"
"Cinema Bandi","99 min"
"Dance of the Forty One","99 min"
"Monster","99 min"
"Dead Again in Tombstone","99 min"
"The Whole Nine Yards","99 min"
"Sniper: Ghost Shooter","99 min"
"The Block Island Sound","99 min"
"The Misadventures of Hedi and Cokeman","99 min"
"Is Love Enough? Sir","99 min"
"Tony Parker: The Final Shot","99 min"
"U-Turn","99 min"
"Dolly Parton’s Christmas on the Square","99 min"
"Zozo","99 min"
"A Babysitter's Guide to Monster Hunting","99 min"
"#Alive","99 min"
"What Keeps You Alive","99 min"
"Ride Like a Girl","99 min"
"Freej Al Taibeen","99 min"
"Curtiz","99 min"
"MindGamers","99 min"
"A Trip to Jamaica","99 min"
"In My Country","99 min"
"Up North","99 min"
"The Bling Lagosians","99 min"
"Rim of the World","99 min"
"Nappily Ever After","99 min"
"Studio 54","99 min"
"The Last Laugh","99 min"
"All's Well, End's Well (2009)","99 min"
"Errementari: The Blacksmith and the Devil","99 min"
"Harishchandrachi Factory","99 min"
"Thi Mai","99 min"
"I Am not an Easy Man","99 min"
"Layla M.","99 min"
"Bad Day for the Cut","99 min"
"The Worthy","99 min"
"#realityhigh","99 min"
"In the Shadow of Iris","99 min"
"Slam","99 min"
"Life 2.0","99 min"
"Operações Especiais","99 min"
"Tini: The New Life of Violetta","99 min"
"Journey to Greenland","99 min"
"Mercenary","99 min"
"Welcome Mr. President","99 min"
"Audrie & Daisy","99 min"
"Winter on Fire: Ukraine's Fight for Freedom","99 min"
"Çok Filim Hareketler Bunlar","99 min"
"50 First Dates","99 min"
"A.X.L.","99 min"
"Adrishya","99 min"
"American Hangman","99 min"
"B.A. Pass","99 min"
"Barely Lethal","99 min"
"Because We're Heading Out","99 min"
"Being AP","99 min"
"Berlin Kaplani","99 min"
"Bobbi Jene","99 min"
"Bobby Robson: More Than a Manager","99 min"
"Bolt","99 min"
"Candyman","99 min"
"Chasing Trane","99 min"
"Christian Mingle","99 min"
"Christmas with the Kranks","99 min"
"Democrats","99 min"
"Detention Letter","99 min"
"Don't Be Afraid of the Dark","99 min"
"Driven to Dance","99 min"
"Eyyvah Eyyvah","99 min"
"Familiye","99 min"
"Fireflies","99 min"
"Froning: The Fittest Man in History","99 min"
"Good Luck","99 min"
"Hangman","99 min"
"Haunting on Fraternity Row","99 min"
"Indiscretion","99 min"
"Inuyasha the Movie - La spada del dominatore del mondo","99 min"
"InuYasha: The Movie 2: The Castle Beyond the Looking Glass","99 min"
"Kaleidoscope","99 min"
"Knock Knock","99 min"
"Kung Fu Hustle","99 min"
"Like Arrows","99 min"
"Mad Money","99 min"
"Mara","99 min"
"May We Chat","99 min"
"My Dog is My Guide","99 min"
"My Scientology Movie","99 min"
"My Week with Marilyn","99 min"
"My Wife and My Wifey","99 min"
"Nowhere Boy","99 min"
"Race to Witch Mountain","99 min"
"Reaction","99 min"
"Salem: His Sister's Father","99 min"
"Say When","99 min"
"The Aerial","99 min"
"The Croods","99 min"
"The Damned Rain","99 min"
"The Drowning","99 min"
"The Heroes of Evil","99 min"
"The Intent","99 min"
"The Invention of Lying","99 min"
"The Nutcracker and the Four Realms","99 min"
"The Sapphires","99 min"
"The Tuxedo","99 min"
"Tremors 5:  Bloodline","99 min"
"VS.","99 min"
